,태그명,물리,단위,설치 위치,사양주기 (초)
0,"0     MTR01_VIB_RMS_H
1     MTR01_VIB_RMS_V
2     MTR01_VIB_RMS_A
3       MTR01_VIB_ACC
4       MTR01_CURRENT
5          MTR01_VOLT
6         MTR01_POWER
7          MTR01_TEMP
8           MTR01_RPM
9      HYD01_PRESS_IN
10    HYD01_PRESS_OUT
11    HYD01_DP_FILTER
12         HYD01_FLOW
13      HYD01_OILTEMP
14      FUR01_TEMP_Z1
15      FUR01_TEMP_Z2
Name: tag, dtype: str","0      1번 모터 구동측 수평 진동 실효값
1      1번 모터 구동측 수직 진동 실효값
2     1번 모터 구동측 축방향 진동 실효값
3        1번 모터 비구동측 진동 가속도
4              1번 모터 운전 전류
5              1번 모터 입력 전압
6         1번 모터 소비 전력(계산값)
7          1번 모터 고정자 권선 온도
8            1번 모터 회전수 rpm
9           1번 유압 유닛 공급 압력
10       1번 유압 유닛 필터 후단 압력
11        1번 유압 필터 차압(계산값)
12       1번 유압 유닛 펌프 토출 유량
13         1번 유압 유닛 작동유 온도
14        1번 가열로 1존 분위기 온도
15        1번 가열로 2존 분위기 온도
Name: description, dtype: str","0      mm/s
1      mm/s
2      mm/s
3         g
4         A
5         V
6        kW
7      degC
8       rpm
9       bar
10      bar
11      bar
12    L/min
13     degC
14     degC
15     degC
Name: unit, dtype: str","0        구동측 베어링 하우징 수평
1        구동측 베어링 하우징 수직
2       구동측 베어링 하우징 축방향
3          비구동측 베어링 하우징
4         모터 제어반 전류 변성기
5          모터 제어반 전압 단자
6        계산값 - 전압×전류 기반
7       고정자 권선 매입 측온저항체
8             축단 회전수 센서
9              펌프 토출 배관
10             필터 후단 배관
11    계산값 - 공급압력 - 후단압력
12         펌프 토출 배관 유량계
13             유압 탱크 내부
14            1존 천장 열전대
15            2존 천장 열전대
Name: install_location, dtype: str","0      60
1      60
2      60
3      60
4      60
5      60
6      60
7      60
8      60
9      60
10     60
11     60
12     60
13    300
14    300
15    300
Name: sampling_sec, dtype: int64"
